Id,Name,Username
1,Leanne Graham,Bret
3,Clementine Bauch,Samantha
4,Patricia Lebsack,Karianne
5,Chelsey Dietrich,Kamren
6,Mrs. Dennis Schulist,Leopoldo_Corkery
7,Kurtis Weissnat,Elwyn.Skiles
8,Nicholas Runolfsdottir V,Maxime_Nienow
9,Glenna Reichert,Delphine
10,Clementina DuBuque,Moriah.Stanton
2,Ervin Howell,Antonette
3,Clementine Bauch,Samantha
4,Patricia Lebsack,Karianne
5,Chelsey Dietrich,Kamren
6,Mrs. Dennis Schulist,Leopoldo_Corkery
7,Kurtis Weissnat,Elwyn.Skiles
8,Nicholas Runolfsdottir V,Maxime_Nienow
9,Glenna Reichert,Delphine
10,Clementina DuBuque,Moriah.Stanton
1,Leanne Graham,Bret
2,Ervin Howell,Antonette
3,Patricia Lebsack,Karianne
4,Mrs. Dennis Schulist,Leopoldo_Corkery
6,Kurtis Weissnat,Elwyn.Skiles
1,Leanne Graham,Bret
2,Ervin Howell,Antonette
3,Clementine Bauch,Samantha
4,Patricia Lebsack,Karianne
5,Chelsey Dietrich,Kamren
6,Mrs. Dennis Schulist,Leopoldo_Corkery
7,Kurtis Weissnat,Elwyn.Skiles
8,Nicholas Runolfsdottir V,Maxime_Nienow
9,Glenna Reichert,Delphine
10,Clementina DuBuque,Moriah.Stanton
